,geohash,capacity
0,dpz83t9,430.0
1,dpz83t3,33.0
2,dpz83sf,135.0
3,dpz892g,557.0
4,dpz8937,188.0
5,dpz8933,238.0
6,dpz83qn,1036.0
7,dpz86rq,76.0
8,dpz2rub,77.0
9,dpz2rsv,71.0
10,dpz8e0z,37.0
11,dpz8e0w,54.0
12,dpz83dx,645.0
13,dpz86rw,85.0
14,dpz89k9,460.0
15,dpz839n,330.0
16,dpz83em,265.0
17,dpz83dd,2087.0
18,dpz89jq,163.0
19,dpz82pq,64.0
20,dpz82pj,169.0
21,dpz83cd,2008.0
22,dpz8229,53.0
23,dpz867g,92.0
24,dpz88uj,174.0
25,dpz87tc,68.0
26,dpz82uz,144.0
27,dpz8397,323.0
28,dpz82cn,49.0
29,dpz8c05,42.0
30,dpz83m8,399.0
31,dpz828v,29.0
32,dpz2r6m,155.0
33,dpz835n,450.0
34,dpz835h,91.0
35,dpz86pj,93.0
36,dpz83uc,110.0
37,dpz2rtp,54.0
38,dpz825z,40.0
39,dpz827c,56.0
40,dpz82kp,35.0
41,dpz82uu,58.0
42,dpz86r6,83.0
43,dpz86rs,47.0
44,dpz86rx,70.0
45,dpz86x8,30.0
46,dpz2r66,148.0
47,dpz82ug,52.0
48,dpz82ss,45.0
49,dpz831y,120.0
50,dpz83pn,40.0
51,dpz83uv,35.0
52,dpz8dbq,25.0
53,dpz82gk,79.0
54,dpz82gk,25.0
55,dpz2r6x,56.0
56,dpz83fv,258.0
57,dpz82kn,38.0
58,dpz88e6,28.0
59,dpz86rt,17.0
60,dpz89jz,46.0
61,dpz82p5,53.0
62,dpz86xc,27.0
63,dpz2r67,88.0
64,dpz82uc,33.0
65,dpz86m0,37.0
66,dpz86xb,35.0
67,dpz8c0u,26.0
68,dpz88e2,33.0
69,dpz86re,23.0
70,dpz89u1,20.0
71,dpz89u1,25.0
72,dpz822w,32.0
73,dpz8931,173.0
74,dpz88cm,43.0
75,dpz82c2,20.0
76,dpz82dk,47.0
77,dpz87w5,30.0
78,dpz89kw,53.0
79,dpz8dbj,24.0
80,dpz86yq,50.0
81,dpz89kn,68.0
82,dpz86m4,25.0
83,dpz87n2,41.0
84,dpz828j,357.0
85,dpz87md,24.0
86,dpz87md,21.0
87,dpz87m3,24.0
88,dpz87m2,24.0
89,dpz82g4,18.0
90,dpz82f0,37.0
91,dpz83jm,20.0
92,dpz90bj,50.0
93,dpz8b9r,97.0
94,dpz80zz,132.0
95,dpz8bzv,68.0
96,dpz8byt,112.0
97,dpz8byu,387.0
98,dpz8bzd,173.0
99,dpz8bc0,32.0
100,dpz90cf,62.0
101,dpz8bvx,17.0
102,dpz8byk,34.0
103,dpz2q9z,40.0
104,dpz2qf0,59.0
105,dpz2qf1,21.0
106,dpz2q9y,65.0
107,dpz2q9y,116.0
108,dpz2q9t,11.0
109,dpz2nc7,53.0
110,dpz2ncm,24.0
111,dpz2nc2,45.0
112,dpz2n2w,22.0
113,dpz2nc4,54.0
114,dpz2q98,57.0
115,dpz2ny5,28.0
116,dpz2p5t,23.0
117,dpz2nvg,15.0
118,dpz2q1q,62.0
119,dpz8dce,20.0
120,dpz2we9,190.0
121,dpz2x99,14.0
122,dpz2r4p,113.0
123,dpz2r4p,100.0
124,dpz2qz3,11.0
125,dpz880u,94.0
126,dpz880u,23.0
127,dpz8834,21.0
128,dpz2xb0,24.0
129,dpz8848,130.0
130,dpz884y,40.0
131,dpz9h95,261.0
132,dpz8ebh,83.0
133,dpz836b,357.0
134,dpz2q3j,25.0
135,dpz8c4f,129.0
136,dpz2x1h,47.0
137,dpz87jn,66.0
138,dpz87jj,18.0
139,dpz83qh,172.0
140,dpz830x,37.0
141,dpz837s,38.0
142,dpz833d,23.0
143,dpz833d,18.0
144,dpz9hgs,98.0
145,dpz9hgs,24.0
146,dpz81p3,65.0
147,dpz83rt,71.0
148,dpz886c,23.0
149,dpz2rm5,13.0
150,dpz83f9,20.0
151,dpz836y,36.0
152,dpz82xc,18.0
153,dpz8936,37.0
154,dpz2x3t,109.0
155,dpz2x3t,38.0
156,dpz2n8d,30.0
157,dpz2n81,210.0
158,dpz82b0,184.0
159,dpz888j,18.0
160,dpz888n,25.0
161,dpz829n,8.0
162,dpz8644,230.0
163,dpz83je,65.0
164,dpz8646,120.0
165,dpz824c,10.0
166,dpz87jr,10.0
167,dpz9h8f,214.0
168,dpz90f5,23.0
169,dpz87hx,292.0
170,dpz87hp,270.0
171,dpz2pxk,189.0
172,dpz2pzc,187.0
173,dpz80pc,177.0
174,dpz80r4,120.0
175,dpz2pmn,228.0
176,dpz2pkg,80.0
177,dpz2pks,144.0
178,dpz2pkn,28.0
179,dpz2p7v,22.0
180,dpz2p7s,10.0
181,dpz8suw,238.0
182,dpz8sux,141.0
183,dpz8tjd,168.0
184,dpz83jk,38.0
185,dpz88up,25.0
186,dpz8885,18.0
187,dpz8ge2,25.0
188,dpz882f,22.0
189,dpz826y,34.0
190,dpz8dbh,20.0
191,dpz2np9,564.0
192,dpz2npv,829.0
193,dpz2q34,534.0
194,dpz2q3e,473.0
195,dpz2q3t,283.0
196,dpz2rgm,187.0
197,dpz8b11,610.0
198,dpz8b1k,645.0
199,dpz8b1f,885.0
200,dpz8c53,263.0
201,dpz90f6,1552.0
202,dpz90f7,1675.0
203,dpz91bn,102.0
204,dpz8up8,68.0
205,dpz8uht,90.0
206,dpz8u33,112.0
207,dpz8u36,151.0
208,dpz8u34,673.0
209,dpz8eyj,920.0
210,dpz8evn,151.0
211,dpz8edp,173.0
212,dpz943j,366.0
213,dpz2np6,72.0
214,dpz8u39,199.0
215,dpz2zgg,632.0
216,dpz83e0,27.0
217,dpz8b18,72.0
218,dpz89sx,33.0
219,dpz2ryg,37.0
220,dpz8689,123.0
221,dpz82pr,14.0
222,dpz2ryu,7.0
223,dpz82fw,43.0
224,dpz2q2c,270.0
225,dpz2v6q,23.0
226,dpz83j7,51.0
227,dpz8361,35.0
228,dpz8365,99.0
229,dpz86k4,22.0
230,dpz8305,50.0
231,dpz830k,81.0
232,dpz8643,83.0
233,dpz864m,103.0
234,dpz83qy,48.0
235,dpz830f,135.0
236,dpz2pqr,14.0
237,dpz89jr,37.0
238,dpz9h2r,16.0
239,dpz9ph0,128.0
240,dpz9h53,291.0
241,dpz2v4d,108.0
242,dpz83u2,4.0
243,dpz2xhr,125.0
244,dpz2xke,79.0
245,dpz2p5w,26.0
246,dpz2z9n,10.0
247,dpz8dvd,63.0
248,dpz2rs0,19.0
249,dpz904h,42.0
250,dpz8bdq,46.0
251,dpz8cgj,95.0
252,dpz88rp,0.0
253,dpz8b0x,77.0
254,dpz9177,61.0
255,dpz912w,29.0
256,dpz944e,21.0
257,dpz9jmc,11.0
258,dpxryrd,19.0
259,dpxryrc,33.0
260,dpz8s6d,67.0
261,dpz8s67,331.0
262,dpz8urc,18.0
263,dpz8urc,39.0
264,dpz8urc,16.0
265,dpz8uqt,31.0
266,dpz8ebj,88.0
267,dpz2ves,0.0
268,dpz8tjg,154.0
269,dpz8th2,177.0
270,dpz8f7d,156.0
271,dpz86e2,6.0
272,dpz9j92,19.0
273,dpz8fgy,24.0
274,dpz8fgw,3.0
275,dpz8egd,100.0
276,dpz2xty,61.0
277,dpz2wb9,54.0
278,dpz8gj6,20.0
279,dpz8vj7,55.0
280,dpz8vtf,39.0
281,dpz889b,91.0
282,dpz2kg0,80.0
283,dpz2kfz,4.0
284,dpz2kf0,94.0
285,dpz2kf5,88.0
286,dpz2kfn,75.0
287,dpz2m4c,64.0
288,dpz2kfc,95.0
289,dpz2kgf,27.0
290,dpz2m42,62.0
291,dpz2m49,431.0
292,dpz2kgq,511.0
293,dpz2kgp,101.0
294,dpz2m50,23.0
295,dpz2kfj,40.0
296,dpz8ff3,52.0
297,dpz84ry,122.0
298,dpz8680,56.0
299,dpz8682,111.0
300,dpz82sy,6.0
301,dpz2jzj,33.0
302,dpz9n96,92.0
303,dpz9n3c,19.0
304,dpxryxs,61.0
305,dpz9hhx,175.0
306,dpz9hby,439.0
307,dpz9hby,439.0
308,dpz2x3w,91.0
309,dpz2x3v,84.0
310,dpz8dcc,50.0
311,dpz91v7,135.0
312,dpz2m2v,29.0
313,dpz2yy4,57.0
314,dpz8d9v,61.0
315,dpz2n3q,52.0
316,dpz8c58,6.0
317,dpz2z1b,49.0
318,dpz2z4b,10.0
319,dpz2z4b,9.0
320,dpz2z4b,10.0
321,dpz2z4d,26.0
322,dpz2ycu,102.0
323,dpz2wwu,106.0
324,dpz8dq6,198.0
325,dpz8deg,192.0
326,dpz8dsp,13.0
327,dpz8dsp,13.0
328,dpz8dsm,133.0
329,dpz8dss,178.0
330,dpz8bkt,45.0
331,dpz8bkz,141.0
332,dpz8bt8,29.0
333,dpz8bmj,104.0
334,dpz8bkv,46.0
335,dpz91br,43.0
336,dpz2m8s,23.0
337,dpz8yw7,149.0
338,dpz8yyg,103.0
339,dpz8e88,108.0
340,dpz8d3g,51.0
341,dpz8e4w,66.0
342,dpz2yx2,68.0
343,dpz9097,97.0
344,dpz8f1m,420.0
345,dpz2wbf,163.0
346,dpz2x09,148.0
347,dpz89h7,0.0
348,dpz89he,123.0
349,dpz8gw2,89.0
350,dpz3n2h,110.0
351,dpz2v0k,29.0
352,dpz2r4s,94.0
353,dpz8845,23.0
354,dpz881e,38.0
355,dpz2wy7,36.0
356,dpz8fyu,57.0
357,dpz2x10,82.0
358,dpz2sz5,28.0
359,dpz8dty,53.0
360,dpz8dvu,41.0
361,dpz8dy2,69.0
362,dpz2yyw,23.0
363,dpz3p9t,59.0
364,dpz3pc3,141.0
365,dpz3p8v,62.0
366,dpz3p9z,79.0
367,dpz3pcb,78.0
368,dpz8vvu,24.0
369,dpz2uv2,30.0
370,dpz2msk,10.0
371,dpz2xuv,27.0
372,dpz2xuv,26.0
373,dpz97cz,20.0
374,dpz97cy,103.0
375,dpz2v7y,36.0
376,dpz2v7v,79.0
377,dpz90ey,98.0
378,dpz2zhu,29.0
379,dpz2zhs,41.0
380,dpz8vur,0.0
381,dpz2y5c,77.0
382,dpz836m,0.0
383,dpz90f1,26.0
384,dpz900c,362.0
385,dpz9n20,78.0
386,dpz8yrc,98.0
387,dpz2rdx,11.0
388,dpz2r9x,66.0
389,dpz2rdp,15.0
390,dpz2rdp,15.0
391,dpz2rdp,8.0
392,dpz2rdr,12.0
393,dpz2rdr,15.0
394,dpz2rdr,27.0
395,dpz2rbd,16.0
396,dpz2rbg,67.0
397,dpz2rbg,5.0
398,dpz2rbq,19.0
399,dpz2rdw,24.0
400,dpz2rdm,39.0
401,dpz2r9z,14.0
402,dpz2r9q,18.0
403,dpz2r9r,118.0
404,dpz2rdq,0.0
405,dpz8s7z,98.0
406,dpz8bqd,6.0
407,dpz8bqd,15.0
408,dpz2y19,90.0
409,dpz2qkg,25.0
410,dpz2u0q,136.0
411,dpz9hnn,24.0
412,dpz8cs5,65.0
413,dpz2zyt,15.0
414,dpz2q1z,7.0
415,dpz8u5h,76.0
416,dpz2qw1,9.0
417,dpz8deb,47.0
418,dpz2x3h,189.0
419,dpz8ue7,26.0
420,dpz95qb,68.0
421,dpz95qb,68.0
422,dpz95ru,58.0
423,dpz95rk,52.0
424,dpz95rs,55.0
425,dpz95qs,131.0
426,dpz95qh,71.0
427,dpz95q8,54.0
428,dpz95q8,29.0
429,dpz95mg,145.0
430,dpz80r5,116.0
431,dpz2quc,80.0
432,dpz88nx,29.0
433,dpz88q8,29.0
434,dpz89qb,31.0
435,dpz8d5g,151.0
436,dpz8d7f,45.0
437,dpz8b8k,18.0
438,dpz9jn6,88.0
439,dpz9jrh,272.0
440,dpz8gkd,32.0
441,dpz2ucs,87.0
442,dpz823v,23.0
443,dpz9h1z,30.0
444,dpz8guj,40.0
445,dpz8gun,44.0
446,dpz8ggy,98.0
447,dpz88u0,89.0
448,dpz9k4f,104.0
449,dpz9k5h,306.0
450,dpz90bz,42.0
451,dpz910b,19.0
452,dpz8f9r,30.0
453,dpz9jcg,122.0
454,dpz9j9x,65.0
455,dpz9jcv,72.0
456,dpz83gh,13.0
457,dpz2jqt,81.0
458,dpz9jpv,9.0
459,dpz9m0j,162.0
460,dpz2nx3,38.0
461,dpz2uux,75.0
462,dpz8ejd,15.0
463,dpz8eje,15.0
464,dpz2ygt,32.0
465,dpz2ygt,38.0
466,dpz2ygz,85.0
467,dpz2ys5,31.0
468,dpz8ef7,62.0
469,dpz9461,108.0
470,dpz8eqw,10.0
471,dpz2wmz,63.0
472,dpz2wjb,40.0
473,dpz2tv6,24.0
474,dpz2tvw,147.0
475,dpz9p1u,104.0
476,dpz8eff,34.0
477,dpz83rj,27.0
478,dpz2wde,18.0
479,dpz2r90,40.0
480,dpz2v2e,40.0
481,dpz2w7k,33.0
482,dpz904b,25.0
483,dpz2z0e,36.0
484,dpz95dc,37.0
485,dpz9hur,143.0
486,dpz8s6z,25.0
487,dpz2vj9,46.0
488,dpz2vhv,122.0
489,dpz2vk4,84.0
490,dpz2usc,26.0
491,dpz2rmw,150.0
492,dpz8se5,37.0
493,dpz8v6u,197.0
494,dpz2qw5,137.0
495,dpz2qwe,67.0
496,dpz2qxn,14.0
497,dpz2qxq,19.0
498,dpz2wbq,83.0
499,dpz94kd,15.0
500,dpz9je2,18.0
501,dpz89qm,67.0
502,dpz2tbj,32.0
503,dpz2pxt,151.0
504,dpz2usp,40.0
505,dpz2qyy,33.0
506,dpz2qyz,48.0
507,dpz8e4u,25.0
508,dpz2ye4,0.0
509,dpz957n,51.0
510,dpz957n,46.0
511,dpz2vbc,59.0
512,dpz2v8r,37.0
513,dpz8dqf,44.0
514,dpz8dph,111.0
515,dpz89zx,14.0
516,dpz8dp9,76.0
517,dpz8dpu,137.0
518,dpz8dpg,127.0
519,dpz8dpp,153.0
520,dpz8drb,161.0
521,dpz2tpt,42.0
522,dpz9nv7,17.0
523,dpz9jgc,185.0
524,dpz9jgb,185.0
525,dpz957p,125.0
526,dpz957p,47.0
527,dpz8edb,78.0
528,dpz8e5m,40.0
529,dpz8dg8,31.0
530,dpz8edc,21.0
531,dpz2txr,43.0
532,dpz81p8,0.0
533,dpz2v9b,33.0
534,dpz2v98,31.0
535,dpz8umz,88.0
536,dpz8utb,87.0
537,dpz8uw0,35.0
538,dpz8d0e,88.0
539,dpz89uq,56.0
540,dpz82ce,27.0
541,dpz2w4k,30.0
542,dpz94ek,87.0
543,dpz8epe,181.0
544,dpz88ke,29.0
545,dpz8eg5,35.0
546,dpz2v24,18.0
547,dpz2ms7,43.0
548,dpz2mse,15.0
549,dpz2v8q,110.0
550,dpz9pkn,154.0
551,dpz2we0,112.0
552,dpz2tcp,42.0
553,dpz8g93,26.0
554,dpz2vq1,13.0
555,dpz8cp2,38.0
556,dpz950h,91.0
557,dpz87k9,77.0
